<PAMDataset>
  <Metadata>
    <MDI key="DataType">Generic</MDI>
  </Metadata>
  <PAMRasterBand band="1">
    <Description>SelfBand</Description>
    <Histograms>
      <HistItem>
        <HistMin>0</HistMin>
        <HistMax>366.0077819824219</HistMax>
        <BucketCount>256</BucketCount>
        <IncludeOutOfRange>1</IncludeOutOfRange>
        <Approximate>0</Approximate>
        <HistCounts>3832|2197|1005|683|576|561|514|544|547|487|464|485|451|466|411|393|318|371|374|384|380|399|456|392|415|419|448|429|406|490|464|481|537|540|596|626|719|754|751|651|627|583|520|443|401|361|323|268|206|165|147|147|102|108|97|92|56|73|52|77|53|47|55|46|40|56|35|42|34|48|42|33|39|49|51|44|44|36|38|44|49|61|60|54|45|53|38|52|46|44|28|21|47|32|28|30|43|30|27|26|39|21|25|20|25|18|22|20|23|21|32|20|16|25|18|24|17|14|20|9|14|18|16|12|19|10|7|9|18|13|14|14|12|7|7|13|8|11|11|6|6|7|14|12|10|1|7|8|7|4|12|3|8|10|4|7|7|4|6|6|7|4|1|3|1|6|2|5|5|2|4|2|2|5|0|3|2|2|2|3|1|2|0|1|1|3|0|4|0|1|2|0|0|1|1|1|1|0|1|0|0|2|1|0|0|0|0|0|0|0|0|0|0|0|1|0|0|0|0|0|0|0|0|0|0|0|0|0|0|0|0|0|0|0|0|0|0|0|0|0|0|0|0|0|0|0|0|0|0|0|0|0|0|0|0|1</HistCounts>
      </HistItem>
    </Histograms>
    <Metadata>
      <MDI key="BandName">SelfBand</MDI>
      <MDI key="RepresentationType">ATHEMATIC</MDI>
      <MDI key="STATISTICS_COVARIANCES">1484.652320472619</MDI>
      <MDI key="STATISTICS_EXCLUDEDVALUES"></MDI>
      <MDI key="STATISTICS_MAXIMUM">366.00778198242</MDI>
      <MDI key="STATISTICS_MEAN">38.707302567834</MDI>
      <MDI key="STATISTICS_MINIMUM">0</MDI>
      <MDI key="STATISTICS_SKIPFACTORX">1</MDI>
      <MDI key="STATISTICS_SKIPFACTORY">1</MDI>
      <MDI key="STATISTICS_STDDEV">38.53118633617</MDI>
    </Metadata>
  </PAMRasterBand>
</PAMDataset>
