<?xml version="1.0" encoding="UTF-8"?>
<metadata xml:lang="en"><Esri><CreaDate>20180807</CreaDate><CreaTime>17355400</CreaTime><ArcGISFormat>1.0</ArcGISFormat><SyncOnce>TRUE</SyncOnce><DataProperties><itemProps><itemLocation><linkage Sync="TRUE">file://\\KWHITNEY\C$\Users\kris9624\Documents\LearnLessons\Getting_Started_with_Climate_Data\Mediterranean_Rasters\Driest_Summer_Prec_N.tif</linkage><protocol Sync="TRUE">Local Area Network</protocol></itemLocation></itemProps><copyHistory><copy source="C:\Users\kris9624\Documents\ArcGIS\Projects\Mediterranean-Climate\Mediterranean_Rasters\Driest_Summer_Prec_N.tif" dest="\\KWHITNEY\C$\Users\kris9624\Documents\LearnLessons\Getting_Started_with_Climate_Data\Mediterranean_Rasters\Driest_Summer_Prec_N.tif" date="20180807" time="17355400"></copy></copyHistory></DataProperties></Esri></metadata>
