<PAMDataset>
  <PAMRasterBand band="1">
    <Description>SelfBand</Description>
    <Histograms>
      <HistItem>
        <HistMin>0</HistMin>
        <HistMax>540.1900024414063</HistMax>
        <BucketCount>256</BucketCount>
        <IncludeOutOfRange>1</IncludeOutOfRange>
        <Approximate>0</Approximate>
        <HistCounts>3367|1911|2843|2078|1583|1306|1099|993|990|908|861|900|873|880|833|752|654|606|517|489|510|495|457|408|423|347|303|329|281|238|255|205|218|221|173|180|179|179|157|160|131|122|119|90|101|97|99|90|64|67|56|67|66|60|65|45|43|41|50|43|26|40|33|37|37|29|30|27|20|34|25|28|29|27|22|19|23|15|19|20|16|9|13|9|12|12|9|8|12|12|5|6|9|6|10|6|8|8|7|6|2|2|3|3|1|1|2|5|5|5|1|5|2|1|1|1|2|1|8|1|3|3|3|2|2|2|2|4|1|2|2|1|0|0|0|0|0|1|0|0|0|0|1|0|0|0|1|0|0|0|1|0|1|1|1|0|0|0|0|0|0|2|0|0|0|0|0|0|0|0|0|0|0|0|0|0|0|0|0|0|0|0|0|0|0|0|0|0|0|0|0|0|0|0|0|0|0|0|0|0|0|0|0|0|0|0|0|0|0|0|0|0|0|0|0|0|0|0|0|0|0|0|0|0|0|0|0|0|0|0|0|0|0|0|0|0|0|0|0|0|0|1|0|0|0|0|0|0|0|0|0|0|0|0|0|1</HistCounts>
      </HistItem>
    </Histograms>
    <Metadata>
      <MDI key="BandName">SelfBand</MDI>
      <MDI key="RepresentationType">ATHEMATIC</MDI>
      <MDI key="STATISTICS_COVARIANCES">1218.912887829461</MDI>
      <MDI key="STATISTICS_EXCLUDEDVALUES"></MDI>
      <MDI key="STATISTICS_MAXIMUM">540.19000244141</MDI>
      <MDI key="STATISTICS_MEAN">30.423621968363</MDI>
      <MDI key="STATISTICS_MINIMUM">0</MDI>
      <MDI key="STATISTICS_SKIPFACTORX">1</MDI>
      <MDI key="STATISTICS_SKIPFACTORY">1</MDI>
      <MDI key="STATISTICS_STDDEV">34.912932959427</MDI>
    </Metadata>
  </PAMRasterBand>
</PAMDataset>
