<PAMDataset>
  <PAMRasterBand band="1">
    <Description>SelfBand</Description>
    <Histograms>
      <HistItem>
        <HistMin>0</HistMin>
        <HistMax>702.8037109375</HistMax>
        <BucketCount>256</BucketCount>
        <IncludeOutOfRange>1</IncludeOutOfRange>
        <Approximate>0</Approximate>
        <HistCounts>749|362|579|978|1781|1479|1398|1207|1057|922|743|738|607|565|558|539|553|533|515|513|505|495|361|364|327|338|327|296|288|302|298|320|311|326|320|339|278|310|340|312|322|313|293|289|307|258|265|251|246|215|217|226|201|185|212|203|178|174|167|179|177|174|159|158|162|155|148|144|144|147|129|114|142|115|114|106|114|110|107|107|82|83|81|70|94|62|69|68|65|68|60|71|56|55|64|53|60|37|53|40|37|27|29|33|17|32|20|30|19|22|12|15|20|12|7|13|10|16|7|18|12|12|7|6|7|12|7|6|8|10|8|4|7|5|4|5|5|5|8|3|3|2|1|4|6|6|3|1|4|3|5|1|9|1|0|1|1|4|0|4|2|2|2|2|0|1|2|0|0|3|0|0|1|1|2|1|0|1|2|0|0|0|1|1|1|3|1|2|1|2|0|0|0|1|0|0|0|1|0|0|0|0|0|0|0|0|0|0|1|1|1|0|1|0|0|0|0|0|0|0|1|0|0|1|0|0|0|0|0|0|0|0|0|0|0|0|0|0|0|0|0|0|0|0|0|0|0|0|0|0|0|0|0|0|0|1</HistCounts>
      </HistItem>
    </Histograms>
    <Metadata>
      <MDI key="BandName">SelfBand</MDI>
      <MDI key="RepresentationType">ATHEMATIC</MDI>
      <MDI key="STATISTICS_COVARIANCES">5685.021802606193</MDI>
      <MDI key="STATISTICS_EXCLUDEDVALUES"></MDI>
      <MDI key="STATISTICS_MAXIMUM">702.8037109375</MDI>
      <MDI key="STATISTICS_MEAN">80.793204476705</MDI>
      <MDI key="STATISTICS_MINIMUM">0</MDI>
      <MDI key="STATISTICS_SKIPFACTORX">1</MDI>
      <MDI key="STATISTICS_SKIPFACTORY">1</MDI>
      <MDI key="STATISTICS_STDDEV">75.39908356609</MDI>
    </Metadata>
  </PAMRasterBand>
</PAMDataset>
