<PAMDataset>
  <Metadata>
    <MDI key="DataType">Generic</MDI>
  </Metadata>
  <PAMRasterBand band="1">
    <Description>SelfBand</Description>
    <Histograms>
      <HistItem>
        <HistMin>0</HistMin>
        <HistMax>624.417724609375</HistMax>
        <BucketCount>256</BucketCount>
        <IncludeOutOfRange>1</IncludeOutOfRange>
        <Approximate>0</Approximate>
        <HistCounts>1688|1657|994|731|561|486|430|382|428|393|366|344|343|338|341|338|369|344|368|371|366|447|484|478|449|474|499|577|541|567|600|680|664|757|705|695|689|655|680|634|609|528|532|507|467|458|408|414|361|290|256|229|234|209|183|195|163|152|146|139|97|111|113|96|107|94|100|76|81|84|66|79|85|60|78|66|85|72|73|63|53|59|69|53|57|49|57|51|66|52|54|34|36|53|47|37|42|28|32|35|26|34|29|35|22|25|19|21|26|27|26|14|21|17|24|16|16|21|18|29|17|15|22|15|15|16|12|14|19|12|8|7|8|8|7|7|6|9|6|4|3|7|9|8|6|3|6|3|4|3|5|5|2|0|3|5|3|3|1|1|1|2|2|2|4|1|3|0|2|0|0|0|0|0|0|2|1|0|1|1|0|0|1|1|0|0|2|1|0|0|1|0|0|0|0|0|0|0|1|0|0|0|0|0|0|0|1|0|0|0|0|1|0|0|0|1|0|0|0|0|0|1|0|0|0|0|1|0|0|0|0|0|0|0|0|0|0|0|0|0|0|0|0|0|0|0|0|0|0|0|0|0|0|0|0|1</HistCounts>
      </HistItem>
    </Histograms>
    <Metadata>
      <MDI key="BandName">SelfBand</MDI>
      <MDI key="RepresentationType">ATHEMATIC</MDI>
      <MDI key="STATISTICS_COVARIANCES">3982.104384850832</MDI>
      <MDI key="STATISTICS_EXCLUDEDVALUES"></MDI>
      <MDI key="STATISTICS_MAXIMUM">624.41772460938</MDI>
      <MDI key="STATISTICS_MEAN">78.060616361383</MDI>
      <MDI key="STATISTICS_MINIMUM">0</MDI>
      <MDI key="STATISTICS_SKIPFACTORX">1</MDI>
      <MDI key="STATISTICS_SKIPFACTORY">1</MDI>
      <MDI key="STATISTICS_STDDEV">63.103917349487</MDI>
    </Metadata>
  </PAMRasterBand>
</PAMDataset>
